State	'integer'	'char'	'boolean'	'string'	'type'	'='	'array'	'['	']'	'of'	'struct'	'{'	'}'	';'	':'	'function'	'('	')'	','	'var'	'if'	'else'	'while'	'do'	'break'	'continue'	'&&'	'||'	'<'	'>'	'<='	'>='	'=='	'!='	'+'	'-'	'*'	'/'	'++'	'--'	'!'	'.'	Id	'true'	'false'	c	s	n	$	P'	P	LDE	DE	T	DT	DC	DF	LP	B	LDV	LS	DV	LI	S	U	M	E	L	R	Y	F	LE	LV	ID	TRUE	FALSE	CHR	STR	NUM
0	 	 	 	 	s7	 	 	 	 	 	 	 	 	 	 	s6	 	 	 	 	 	 	 	 	 	 	 	 	 	 	 	 	 	 	 	 	 	 	 	 	 	 	 	 	 	 	 	 	 	 	1	2	3	 	5	 	4	 	 	 	 	 	 	 	 	 	 	 	 	 	 	 	 	 	 	 	 	 	 
1	 	 	 	 	 	 	 	 	 	 	 	 	 	 	 	 	 	 	 	 	 	 	 	 	 	 	 	 	 	 	 	 	 	 	 	 	 	 	 	 	 	 	 	 	 	 	 	 	acc	 	 	 	 	 	 	 	 	 	 	 	 	 	 	 	 	 	 	 	 	 	 	 	 	 	 	 	 	 	 
2	 	 	 	 	s7	 	 	 	 	 	 	 	 	 	 	s6	 	 	 	 	 	 	 	 	 	 	 	 	 	 	 	 	 	 	 	 	 	 	 	 	 	 	 	 	 	 	 	 	r1	 	 	 	8	 	5	 	4	 	 	 	 	 	 	 	 	 	 	 	 	 	 	 	 	 	 	 	 	 	 
3	 	 	 	 	r3	 	 	 	 	 	 	 	 	 	 	r3	 	 	 	 	 	 	 	 	 	 	 	 	 	 	 	 	 	 	 	 	 	 	 	 	 	 	 	 	 	 	 	 	r3	 	 	 	 	 	 	 	 	 	 	 	 	 	 	 	 	 	 	 	 	 	 	 	 	 	 	 	 	 	 
4	 	 	 	 	r4	 	 	 	 	 	 	 	 	 	 	r4	 	 	 	 	 	 	 	 	 	 	 	 	 	 	 	 	 	 	 	 	 	 	 	 	 	 	 	 	 	 	 	 	r4	 	 	 	 	 	 	 	 	 	 	 	 	 	 	 	 	 	 	 	 	 	 	 	 	 	 	 	 	 	 
5	 	 	 	 	r5	 	 	 	 	 	 	 	 	 	 	r5	 	 	 	 	 	 	 	 	 	 	 	 	 	 	 	 	 	 	 	 	 	 	 	 	 	 	 	 	 	 	 	 	r5	 	 	 	 	 	 	 	 	 	 	 	 	 	 	 	 	 	 	 	 	 	 	 	 	 	 	 	 	 	 
6	 	 	 	 	 	 	 	 	 	 	 	 	 	 	 	 	 	 	 	 	 	 	 	 	 	 	 	 	 	 	 	 	 	 	 	 	 	 	 	 	 	 	s10	 	 	 	 	 	 	 	 	 	 	 	 	 	 	 	 	 	 	 	 	 	 	 	 	 	 	 	 	 	 	9	 	 	 	 	 
7	 	 	 	 	 	 	 	 	 	 	 	 	 	 	 	 	 	 	 	 	 	 	 	 	 	 	 	 	 	 	 	 	 	 	 	 	 	 	 	 	 	 	s10	 	 	 	 	 	 	 	 	 	 	 	 	 	 	 	 	 	 	 	 	 	 	 	 	 	 	 	 	 	 	11	 	 	 	 	 
8	 	 	 	 	r2	 	 	 	 	 	 	 	 	 	 	r2	 	 	 	 	 	 	 	 	 	 	 	 	 	 	 	 	 	 	 	 	 	 	 	 	 	 	 	 	 	 	 	 	r2	 	 	 	 	 	 	 	 	 	 	 	 	 	 	 	 	 	 	 	 	 	 	 	 	 	 	 	 	 	 
9	 	 	 	 	 	 	 	 	 	 	 	 	 	 	 	 	s12	 	 	 	 	 	 	 	 	 	 	 	 	 	 	 	 	 	 	 	 	 	 	 	 	 	 	 	 	 	 	 	 	 	 	 	 	 	 	 	 	 	 	 	 	 	 	 	 	 	 	 	 	 	 	 	 	 	 	 	 	 	 
10	 	 	 	 	r73	r73	 	r73	r73	 	 	r73	r73	r73	r73	r73	r73	r73	r73	 	 	 	 	 	 	 	r73	r73	r73	r73	r73	r73	r73	r73	r73	r73	r73	r73	r73	r73	 	r73	 	 	 	 	 	 	r73	 	 	 	 	 	 	 	 	 	 	 	 	 	 	 	 	 	 	 	 	 	 	 	 	 	 	 	 	 	 
11	 	 	 	 	 	s13	 	 	 	 	 	 	 	 	 	 	 	 	 	 	 	 	 	 	 	 	 	 	 	 	 	 	 	 	 	 	 	 	 	 	 	 	 	 	 	 	 	 	 	 	 	 	 	 	 	 	 	 	 	 	 	 	 	 	 	 	 	 	 	 	 	 	 	 	 	 	 	 	 
12	 	 	 	 	 	 	 	 	 	 	 	 	 	 	 	 	 	 	 	 	 	 	 	 	 	 	 	 	 	 	 	 	 	 	 	 	 	 	 	 	 	 	s10	 	 	 	 	 	 	 	 	 	 	 	 	 	 	14	 	 	 	 	 	 	 	 	 	 	 	 	 	 	 	15	 	 	 	 	 
13	s19	s20	s21	s22	 	 	s16	 	 	 	s17	 	 	 	 	 	 	 	 	 	 	 	 	 	 	 	 	 	 	 	 	 	 	 	 	 	 	 	 	 	 	 	s10	 	 	 	 	 	 	 	 	 	 	18	 	 	 	 	 	 	 	 	 	 	 	 	 	 	 	 	 	 	 	23	 	 	 	 	 
14	 	 	 	 	 	 	 	 	 	 	 	 	 	 	 	 	 	s24	s25	 	 	 	 	 	 	 	 	 	 	 	 	 	 	 	 	 	 	 	 	 	 	 	 	 	 	 	 	 	 	 	 	 	 	 	 	 	 	 	 	 	 	 	 	 	 	 	 	 	 	 	 	 	 	 	 	 	 	 	 
15	 	 	 	 	 	 	 	 	 	 	 	 	 	 	s26	 	 	 	 	 	 	 	 	 	 	 	 	 	 	 	 	 	 	 	 	 	 	 	 	 	 	 	 	 	 	 	 	 	 	 	 	 	 	 	 	 	 	 	 	 	 	 	 	 	 	 	 	 	 	 	 	 	 	 	 	 	 	 	 
16	 	 	 	 	 	 	 	s27	 	 	 	 	 	 	 	 	 	 	 	 	 	 	 	 	 	 	 	 	 	 	 	 	 	 	 	 	 	 	 	 	 	 	 	 	 	 	 	 	 	 	 	 	 	 	 	 	 	 	 	 	 	 	 	 	 	 	 	 	 	 	 	 	 	 	 	 	 	 	 
17	 	 	 	 	 	 	 	 	 	 	 	s28	 	 	 	 	 	 	 	 	 	 	 	 	 	 	 	 	 	 	 	 	 	 	 	 	 	 	 	 	 	 	 	 	 	 	 	 	 	 	 	 	 	 	 	 	 	 	 	 	 	 	 	 	 	 	 	 	 	 	 	 	 	 	 	 	 	 	 
18	 	 	 	 	r13	 	 	 	 	 	 	 	 	 	 	r13	 	 	 	 	 	 	 	 	 	 	 	 	 	 	 	 	 	 	 	 	 	 	 	 	 	 	 	 	 	 	 	 	r13	 	 	 	 	 	 	 	 	 	 	 	 	 	 	 	 	 	 	 	 	 	 	 	 	 	 	 	 	 	 
19	 	 	 	 	r6	 	 	 	 	 	 	r6	r6	r6	 	r6	 	r6	r6	 	 	 	 	 	 	 	 	 	 	 	 	 	 	 	 	 	 	 	 	 	 	 	 	 	 	 	 	 	r6	 	 	 	 	 	 	 	 	 	 	 	 	 	 	 	 	 	 	 	 	 	 	 	 	 	 	 	 	 	 
20	 	 	 	 	r7	 	 	 	 	 	 	r7	r7	r7	 	r7	 	r7	r7	 	 	 	 	 	 	 	 	 	 	 	 	 	 	 	 	 	 	 	 	 	 	 	 	 	 	 	 	 	r7	 	 	 	 	 	 	 	 	 	 	 	 	 	 	 	 	 	 	 	 	 	 	 	 	 	 	 	 	 	 
21	 	 	 	 	r8	 	 	 	 	 	 	r8	r8	r8	 	r8	 	r8	r8	 	 	 	 	 	 	 	 	 	 	 	 	 	 	 	 	 	 	 	 	 	 	 	 	 	 	 	 	 	r8	 	 	 	 	 	 	 	 	 	 	 	 	 	 	 	 	 	 	 	 	 	 	 	 	 	 	 	 	 	 
22	 	 	 	 	r9	 	 	 	 	 	 	r9	r9	r9	 	r9	 	r9	r9	 	 	 	 	 	 	 	 	 	 	 	 	 	 	 	 	 	 	 	 	 	 	 	 	 	 	 	 	 	r9	 	 	 	 	 	 	 	 	 	 	 	 	 	 	 	 	 	 	 	 	 	 	 	 	 	 	 	 	 	 
23	 	 	 	 	r10	 	 	 	 	 	 	r10	r10	r10	 	r10	 	r10	r10	 	 	 	 	 	 	 	 	 	 	 	 	 	 	 	 	 	 	 	 	 	 	 	 	 	 	 	 	 	r10	 	 	 	 	 	 	 	 	 	 	 	 	 	 	 	 	 	 	 	 	 	 	 	 	 	 	 	 	 	 
24	 	 	 	 	 	 	 	 	 	 	 	 	 	 	s29	 	 	 	 	 	 	 	 	 	 	 	 	 	 	 	 	 	 	 	 	 	 	 	 	 	 	 	 	 	 	 	 	 	 	 	 	 	 	 	 	 	 	 	 	 	 	 	 	 	 	 	 	 	 	 	 	 	 	 	 	 	 	 	 
25	 	 	 	 	 	 	 	 	 	 	 	 	 	 	 	 	 	 	 	 	 	 	 	 	 	 	 	 	 	 	 	 	 	 	 	 	 	 	 	 	 	 	s10	 	 	 	 	 	 	 	 	 	 	 	 	 	 	 	 	 	 	 	 	 	 	 	 	 	 	 	 	 	 	30	 	 	 	 	 
26	s19	s20	s21	s22	 	 	 	 	 	 	 	 	 	 	 	 	 	 	 	 	 	 	 	 	 	 	 	 	 	 	 	 	 	 	 	 	 	 	 	 	 	 	s10	 	 	 	 	 	 	 	 	 	 	31	 	 	 	 	 	 	 	 	 	 	 	 	 	 	 	 	 	 	 	23	 	 	 	 	 
27	 	 	 	 	 	 	 	 	 	 	 	 	 	 	 	 	 	 	 	 	 	 	 	 	 	 	 	 	 	 	 	 	 	 	 	 	 	 	 	 	 	 	 	 	 	 	 	s33	 	 	 	 	 	 	 	 	 	 	 	 	 	 	 	 	 	 	 	 	 	 	 	 	 	 	 	 	 	 	32
28	 	 	 	 	 	 	 	 	 	 	 	 	 	 	 	 	 	 	 	 	 	 	 	 	 	 	 	 	 	 	 	 	 	 	 	 	 	 	 	 	 	 	s10	 	 	 	 	 	 	 	 	 	 	 	 	34	 	 	 	 	 	 	35	 	 	 	 	 	 	 	 	 	 	36	 	 	 	 	 
29	s19	s20	s21	s22	 	 	 	 	 	 	 	 	 	 	 	 	 	 	 	 	 	 	 	 	 	 	 	 	 	 	 	 	 	 	 	 	 	 	 	 	 	 	s10	 	 	 	 	 	 	 	 	 	 	37	 	 	 	 	 	 	 	 	 	 	 	 	 	 	 	 	 	 	 	23	 	 	 	 	 
30	 	 	 	 	 	 	 	 	 	 	 	 	 	 	s38	 	 	 	 	 	 	 	 	 	 	 	 	 	 	 	 	 	 	 	 	 	 	 	 	 	 	 	 	 	 	 	 	 	 	 	 	 	 	 	 	 	 	 	 	 	 	 	 	 	 	 	 	 	 	 	 	 	 	 	 	 	 	 	 
31	 	 	 	 	 	 	 	 	 	 	 	 	 	 	 	 	 	r18	r18	 	 	 	 	 	 	 	 	 	 	 	 	 	 	 	 	 	 	 	 	 	 	 	 	 	 	 	 	 	 	 	 	 	 	 	 	 	 	 	 	 	 	 	 	 	 	 	 	 	 	 	 	 	 	 	 	 	 	 	 
32	 	 	 	 	 	 	 	 	s39	 	 	 	 	 	 	 	 	 	 	 	 	 	 	 	 	 	 	 	 	 	 	 	 	 	 	 	 	 	 	 	 	 	 	 	 	 	 	 	 	 	 	 	 	 	 	 	 	 	 	 	 	 	 	 	 	 	 	 	 	 	 	 	 	 	 	 	 	 	 
33	 	 	 	 	 	 	 	 	r78	 	 	 	 	r78	 	 	 	r78	r78	 	 	 	 	 	 	 	r78	r78	r78	r78	r78	r78	r78	r78	r78	r78	r78	r78	 	 	 	 	 	 	 	 	 	 	 	 	 	 	 	 	 	 	 	 	 	 	 	 	 	 	 	 	 	 	 	 	 	 	 	 	 	 	 	 	 
34	 	 	 	 	 	 	 	 	 	 	 	 	s40	s41	 	 	 	 	 	 	 	 	 	 	 	 	 	 	 	 	 	 	 	 	 	 	 	 	 	 	 	 	 	 	 	 	 	 	 	 	 	 	 	 	 	 	 	 	 	 	 	 	 	 	 	 	 	 	 	 	 	 	 	 	 	 	 	 	 
35	 	 	 	 	 	 	 	 	 	 	 	 	 	 	s42	 	 	 	s43	 	 	 	 	 	 	 	 	 	 	 	 	 	 	 	 	 	 	 	 	 	 	 	 	 	 	 	 	 	 	 	 	 	 	 	 	 	 	 	 	 	 	 	 	 	 	 	 	 	 	 	 	 	 	 	 	 	 	 	 
36	 	 	 	 	 	 	 	 	 	 	 	 	 	 	r26	 	 	 	r26	 	 	 	 	 	 	 	 	 	 	 	 	 	 	 	 	 	 	 	 	 	 	 	 	 	 	 	 	 	 	 	 	 	 	 	 	 	 	 	 	 	 	 	 	 	 	 	 	 	 	 	 	 	 	 	 	 	 	 	 
37	 	 	 	 	 	 	 	 	 	 	 	s45	 	 	 	 	 	 	 	 	 	 	 	 	 	 	 	 	 	 	 	 	 	 	 	 	 	 	 	 	 	 	 	 	 	 	 	 	 	 	 	 	 	 	 	 	 	 	44	 	 	 	 	 	 	 	 	 	 	 	 	 	 	 	 	 	 	 	 
38	s19	s20	s21	s22	 	 	 	 	 	 	 	 	 	 	 	 	 	 	 	 	 	 	 	 	 	 	 	 	 	 	 	 	 	 	 	 	 	 	 	 	 	 	s10	 	 	 	 	 	 	 	 	 	 	46	 	 	 	 	 	 	 	 	 	 	 	 	 	 	 	 	 	 	 	23	 	 	 	 	 
39	 	 	 	 	 	 	 	 	 	s47	 	 	 	 	 	 	 	 	 	 	 	 	 	 	 	 	 	 	 	 	 	 	 	 	 	 	 	 	 	 	 	 	 	 	 	 	 	 	 	 	 	 	 	 	 	 	 	 	 	 	 	 	 	 	 	 	 	 	 	 	 	 	 	 	 	 	 	 	 
40	 	 	 	 	r12	 	 	 	 	 	 	 	 	 	 	r12	 	 	 	 	 	 	 	 	 	 	 	 	 	 	 	 	 	 	 	 	 	 	 	 	 	 	 	 	 	 	 	 	r12	 	 	 	 	 	 	 	 	 	 	 	 	 	 	 	 	 	 	 	 	 	 	 	 	 	 	 	 	 	 
41	 	 	 	 	 	 	 	 	 	 	 	 	 	 	 	 	 	 	 	 	 	 	 	 	 	 	 	 	 	 	 	 	 	 	 	 	 	 	 	 	 	 	s10	 	 	 	 	 	 	 	 	 	 	 	 	 	 	 	 	 	 	 	48	 	 	 	 	 	 	 	 	 	 	36	 	 	 	 	 
42	s19	s20	s21	s22	 	 	 	 	 	 	 	 	 	 	 	 	 	 	 	 	 	 	 	 	 	 	 	 	 	 	 	 	 	 	 	 	 	 	 	 	 	 	s10	 	 	 	 	 	 	 	 	 	 	49	 	 	 	 	 	 	 	 	 	 	 	 	 	 	 	 	 	 	 	23	 	 	 	 	 
43	 	 	 	 	 	 	 	 	 	 	 	 	 	 	 	 	 	 	 	 	 	 	 	 	 	 	 	 	 	 	 	 	 	 	 	 	 	 	 	 	 	 	s10	 	 	 	 	 	 	 	 	 	 	 	 	 	 	 	 	 	 	 	 	 	 	 	 	 	 	 	 	 	 	50	 	 	 	 	 
44	 	 	 	 	r16	 	 	 	 	 	 	 	 	 	 	r16	 	 	 	 	 	 	 	 	 	 	 	 	 	 	 	 	 	 	 	 	 	 	 	 	 	 	 	 	 	 	 	 	r16	 	 	 	 	 	 	 	 	 	 	 	 	 	 	 	 	 	 	 	 	 	 	 	 	 	 	 	 	 	 
45	 	 	 	 	 	 	 	 	 	 	 	 	 	 	 	 	 	 	 	s53	 	 	 	 	 	 	 	 	 	 	 	 	 	 	 	 	 	 	 	 	 	 	 	 	 	 	 	 	 	 	 	 	 	 	 	 	 	 	 	51	 	52	 	 	 	 	 	 	 	 	 	 	 	 	 	 	 	 	 
46	 	 	 	 	 	 	 	 	 	 	 	 	 	 	 	 	 	r17	r17	 	 	 	 	 	 	 	 	 	 	 	 	 	 	 	 	 	 	 	 	 	 	 	 	 	 	 	 	 	 	 	 	 	 	 	 	 	 	 	 	 	 	 	 	 	 	 	 	 	 	 	 	 	 	 	 	 	 	 	 
47	s19	s20	s21	s22	 	 	 	 	 	 	 	 	 	 	 	 	 	 	 	 	 	 	 	 	 	 	 	 	 	 	 	 	 	 	 	 	 	 	 	 	 	 	s10	 	 	 	 	 	 	 	 	 	 	54	 	 	 	 	 	 	 	 	 	 	 	 	 	 	 	 	 	 	 	23	 	 	 	 	 
48	 	 	 	 	 	 	 	 	 	 	 	 	 	 	s55	 	 	 	s43	 	 	 	 	 	 	 	 	 	 	 	 	 	 	 	 	 	 	 	 	 	 	 	 	 	 	 	 	 	 	 	 	 	 	 	 	 	 	 	 	 	 	 	 	 	 	 	 	 	 	 	 	 	 	 	 	 	 	 	 
49	 	 	 	 	 	 	 	 	 	 	 	 	r15	r15	 	 	 	 	 	 	 	 	 	 	 	 	 	 	 	 	 	 	 	 	 	 	 	 	 	 	 	 	 	 	 	 	 	 	 	 	 	 	 	 	 	 	 	 	 	 	 	 	 	 	 	 	 	 	 	 	 	 	 	 	 	 	 	 	 
50	 	 	 	 	 	 	 	 	 	 	 	 	 	 	r25	 	 	 	r25	 	 	 	 	 	 	 	 	 	 	 	 	 	 	 	 	 	 	 	 	 	 	 	 	 	 	 	 	 	 	 	 	 	 	 	 	 	 	 	 	 	 	 	 	 	 	 	 	 	 	 	 	 	 	 	 	 	 	 	 
51	 	 	 	 	 	 	 	 	 	 	 	s45	 	 	 	 	 	 	 	s53	s61	 	s62	s63	s66	s67	 	 	 	 	 	 	 	 	 	 	 	 	 	 	 	 	s10	 	 	 	 	 	 	 	 	 	 	 	 	 	 	 	64	 	56	57	 	58	60	59	 	 	 	 	 	 	65	68	 	 	 	 	 
52	 	 	 	 	 	 	 	 	 	 	 	r21	 	 	 	 	 	 	 	r21	r21	 	r21	r21	r21	r21	 	 	 	 	 	 	 	 	 	 	 	 	 	 	 	 	r21	 	 	 	 	 	 	 	 	 	 	 	 	 	 	 	 	 	 	 	 	 	 	 	 	 	 	 	 	 	 	 	 	 	 	 	 
53	 	 	 	 	 	 	 	 	 	 	 	 	 	 	 	 	 	 	 	 	 	 	 	 	 	 	 	 	 	 	 	 	 	 	 	 	 	 	 	 	 	 	s10	 	 	 	 	 	 	 	 	 	 	 	 	 	 	 	 	 	 	 	69	 	 	 	 	 	 	 	 	 	 	36	 	 	 	 	 
54	 	 	 	 	r11	 	 	 	 	 	 	 	 	 	 	r11	 	 	 	 	 	 	 	 	 	 	 	 	 	 	 	 	 	 	 	 	 	 	 	 	 	 	 	 	 	 	 	 	r11	 	 	 	 	 	 	 	 	 	 	 	 	 	 	 	 	 	 	 	 	 	 	 	 	 	 	 	 	 	 
55	s19	s20	s21	s22	 	 	 	 	 	 	 	 	 	 	 	 	 	 	 	 	 	 	 	 	 	 	 	 	 	 	 	 	 	 	 	 	 	 	 	 	 	 	s10	 	 	 	 	 	 	 	 	 	 	70	 	 	 	 	 	 	 	 	 	 	 	 	 	 	 	 	 	 	 	23	 	 	 	 	 
56	 	 	 	 	 	 	 	 	 	 	 	s45	s71	 	 	 	 	 	 	 	s61	 	s62	s63	s66	s67	 	 	 	 	 	 	 	 	 	 	 	 	 	 	 	 	s10	 	 	 	 	 	 	 	 	 	 	 	 	 	 	 	64	 	 	 	 	72	60	59	 	 	 	 	 	 	65	68	 	 	 	 	 
57	 	 	 	 	 	 	 	 	 	 	 	r20	 	 	 	 	 	 	 	r20	r20	 	r20	r20	r20	r20	 	 	 	 	 	 	 	 	 	 	 	 	 	 	 	 	r20	 	 	 	 	 	 	 	 	 	 	 	 	 	 	 	 	 	 	 	 	 	 	 	 	 	 	 	 	 	 	 	 	 	 	 	 
58	 	 	 	 	 	 	 	 	 	 	 	r23	r23	 	 	 	 	 	 	 	r23	 	r23	r23	r23	r23	 	 	 	 	 	 	 	 	 	 	 	 	 	 	 	 	r23	 	 	 	 	 	 	 	 	 	 	 	 	 	 	 	 	 	 	 	 	 	 	 	 	 	 	 	 	 	 	 	 	 	 	 	 
59	 	 	 	 	 	 	 	 	 	 	 	r27	r27	 	 	 	 	 	 	 	r27	 	r27	r27	r27	r27	 	 	 	 	 	 	 	 	 	 	 	 	 	 	 	 	r27	 	 	 	 	 	 	 	 	 	 	 	 	 	 	 	 	 	 	 	 	 	 	 	 	 	 	 	 	 	 	 	 	 	 	 	 
60	 	 	 	 	 	 	 	 	 	 	 	r28	r28	 	 	 	 	 	 	 	r28	 	r28	r28	r28	r28	 	 	 	 	 	 	 	 	 	 	 	 	 	 	 	 	r28	 	 	 	 	 	 	 	 	 	 	 	 	 	 	 	 	 	 	 	 	 	 	 	 	 	 	 	 	 	 	 	 	 	 	 	 
61	 	 	 	 	 	 	 	 	 	 	 	 	 	 	 	 	s73	 	 	 	 	 	 	 	 	 	 	 	 	 	 	 	 	 	 	 	 	 	 	 	 	 	 	 	 	 	 	 	 	 	 	 	 	 	 	 	 	 	 	 	 	 	 	 	 	 	 	 	 	 	 	 	 	 	 	 	 	 	 
62	 	 	 	 	 	 	 	 	 	 	 	 	 	 	 	 	s74	 	 	 	 	 	 	 	 	 	 	 	 	 	 	 	 	 	 	 	 	 	 	 	 	 	 	 	 	 	 	 	 	 	 	 	 	 	 	 	 	 	 	 	 	 	 	 	 	 	 	 	 	 	 	 	 	 	 	 	 	 	 
63	 	 	 	 	 	 	 	 	 	 	 	s45	 	 	 	 	 	 	 	 	s76	 	s62	s63	s66	s67	 	 	 	 	 	 	 	 	 	 	 	 	 	 	 	 	s10	 	 	 	 	 	 	 	 	 	 	 	 	 	 	 	64	 	 	 	 	 	 	75	 	 	 	 	 	 	65	68	 	 	 	 	 
64	 	 	 	 	 	 	 	 	 	 	 	r34	r34	 	 	 	 	 	 	 	r34	r34	r34	r34	r34	r34	 	 	 	 	 	 	 	 	 	 	 	 	 	 	 	 	r34	 	 	 	 	 	 	 	 	 	 	 	 	 	 	 	 	 	 	 	 	 	 	 	 	 	 	 	 	 	 	 	 	 	 	 	 
65	 	 	 	 	 	s77	 	s79	 	 	 	 	 	 	 	 	 	 	 	 	 	 	 	 	 	 	 	 	 	 	 	 	 	 	 	 	 	 	 	 	 	s78	 	 	 	 	 	 	 	 	 	 	 	 	 	 	 	 	 	 	 	 	 	 	 	 	 	 	 	 	 	 	 	 	 	 	 	 	 
66	 	 	 	 	 	 	 	 	 	 	 	 	 	s80	 	 	 	 	 	 	 	 	 	 	 	 	 	 	 	 	 	 	 	 	 	 	 	 	 	 	 	 	 	 	 	 	 	 	 	 	 	 	 	 	 	 	 	 	 	 	 	 	 	 	 	 	 	 	 	 	 	 	 	 	 	 	 	 	 
67	 	 	 	 	 	 	 	 	 	 	 	 	 	s81	 	 	 	 	 	 	 	 	 	 	 	 	 	 	 	 	 	 	 	 	 	 	 	 	 	 	 	 	 	 	 	 	 	 	 	 	 	 	 	 	 	 	 	 	 	 	 	 	 	 	 	 	 	 	 	 	 	 	 	 	 	 	 	 	 
68	 	 	 	 	 	r72	 	r72	r72	 	 	 	 	r72	 	 	 	r72	r72	 	 	 	 	 	 	 	r72	r72	r72	r72	r72	r72	r72	r72	r72	r72	r72	r72	r72	r72	 	r72	 	 	 	 	 	 	 	 	 	 	 	 	 	 	 	 	 	 	 	 	 	 	 	 	 	 	 	 	 	 	 	 	 	 	 	 	 
69	 	 	 	 	 	 	 	 	 	 	 	 	 	 	s82	 	 	 	s43	 	 	 	 	 	 	 	 	 	 	 	 	 	 	 	 	 	 	 	 	 	 	 	 	 	 	 	 	 	 	 	 	 	 	 	 	 	 	 	 	 	 	 	 	 	 	 	 	 	 	 	 	 	 	 	 	 	 	 	 
70	 	 	 	 	 	 	 	 	 	 	 	 	r14	r14	 	 	 	 	 	 	 	 	 	 	 	 	 	 	 	 	 	 	 	 	 	 	 	 	 	 	 	 	 	 	 	 	 	 	 	 	 	 	 	 	 	 	 	 	 	 	 	 	 	 	 	 	 	 	 	 	 	 	 	 	 	 	 	 	 
71	 	 	 	 	r19	 	 	 	 	 	 	r19	r19	 	 	r19	 	 	 	 	r19	r19	r19	r19	r19	r19	 	 	 	 	 	 	 	 	 	 	 	 	 	 	 	 	r19	 	 	 	 	 	r19	 	 	 	 	 	 	 	 	 	 	 	 	 	 	 	 	 	 	 	 	 	 	 	 	 	 	 	 	 	 
72	 	 	 	 	 	 	 	 	 	 	 	r22	r22	 	 	 	 	 	 	 	r22	 	r22	r22	r22	r22	 	 	 	 	 	 	 	 	 	 	 	 	 	 	 	 	r22	 	 	 	 	 	 	 	 	 	 	 	 	 	 	 	 	 	 	 	 	 	 	 	 	 	 	 	 	 	 	 	 	 	 	 	 
73	 	 	 	 	 	 	 	 	 	 	 	 	 	 	 	 	s91	 	 	 	 	 	 	 	 	 	 	 	 	 	 	 	 	 	 	s93	 	 	s89	s90	s94	 	s10	s100	s101	s102	s103	s33	 	 	 	 	 	 	 	 	 	 	 	 	 	 	 	 	 	 	83	84	85	86	87	 	88	92	95	96	97	98	99
74	 	 	 	 	 	 	 	 	 	 	 	 	 	 	 	 	s91	 	 	 	 	 	 	 	 	 	 	 	 	 	 	 	 	 	 	s93	 	 	s89	s90	s94	 	s10	s100	s101	s102	s103	s33	 	 	 	 	 	 	 	 	 	 	 	 	 	 	 	 	 	 	104	84	85	86	87	 	88	92	95	96	97	98	99
75	 	 	 	 	 	 	 	 	 	 	 	 	 	 	 	 	 	 	 	 	 	 	s105	 	 	 	 	 	 	 	 	 	 	 	 	 	 	 	 	 	 	 	 	 	 	 	 	 	 	 	 	 	 	 	 	 	 	 	 	 	 	 	 	 	 	 	 	 	 	 	 	 	 	 	 	 	 	 	 
76	 	 	 	 	 	 	 	 	 	 	 	 	 	 	 	 	s106	 	 	 	 	 	 	 	 	 	 	 	 	 	 	 	 	 	 	 	 	 	 	 	 	 	 	 	 	 	 	 	 	 	 	 	 	 	 	 	 	 	 	 	 	 	 	 	 	 	 	 	 	 	 	 	 	 	 	 	 	 	 
77	 	 	 	 	 	 	 	 	 	 	 	 	 	 	 	 	s91	 	 	 	 	 	 	 	 	 	 	 	 	 	 	 	 	 	 	s93	 	 	s89	s90	s94	 	s10	s100	s101	s102	s103	s33	 	 	 	 	 	 	 	 	 	 	 	 	 	 	 	 	 	 	107	84	85	86	87	 	88	92	95	96	97	98	99
78	 	 	 	 	 	 	 	 	 	 	 	 	 	 	 	 	 	 	 	 	 	 	 	 	 	 	 	 	 	 	 	 	 	 	 	 	 	 	 	 	 	 	s10	 	 	 	 	 	 	 	 	 	 	 	 	 	 	 	 	 	 	 	 	 	 	 	 	 	 	 	 	 	 	108	 	 	 	 	 
79	 	 	 	 	 	 	 	 	 	 	 	 	 	 	 	 	s91	 	 	 	 	 	 	 	 	 	 	 	 	 	 	 	 	 	 	s93	 	 	s89	s90	s94	 	s10	s100	s101	s102	s103	s33	 	 	 	 	 	 	 	 	 	 	 	 	 	 	 	 	 	 	109	84	85	86	87	 	88	92	95	96	97	98	99
80	 	 	 	 	 	 	 	 	 	 	 	r36	r36	 	 	 	 	 	 	 	r36	r36	r36	r36	r36	r36	 	 	 	 	 	 	 	 	 	 	 	 	 	 	 	 	r36	 	 	 	 	 	 	 	 	 	 	 	 	 	 	 	 	 	 	 	 	 	 	 	 	 	 	 	 	 	 	 	 	 	 	 	 
81	 	 	 	 	 	 	 	 	 	 	 	r37	r37	 	 	 	 	 	 	 	r37	r37	r37	r37	r37	r37	 	 	 	 	 	 	 	 	 	 	 	 	 	 	 	 	r37	 	 	 	 	 	 	 	 	 	 	 	 	 	 	 	 	 	 	 	 	 	 	 	 	 	 	 	 	 	 	 	 	 	 	 	 
82	s19	s20	s21	s22	 	 	 	 	 	 	 	 	 	 	 	 	 	 	 	 	 	 	 	 	 	 	 	 	 	 	 	 	 	 	 	 	 	 	 	 	 	 	s10	 	 	 	 	 	 	 	 	 	 	110	 	 	 	 	 	 	 	 	 	 	 	 	 	 	 	 	 	 	 	23	 	 	 	 	 
83	 	 	 	 	 	 	 	 	 	 	 	 	 	 	 	 	 	s111	 	 	 	 	 	 	 	 	s112	s113	 	 	 	 	 	 	 	 	 	 	 	 	 	 	 	 	 	 	 	 	 	 	 	 	 	 	 	 	 	 	 	 	 	 	 	 	 	 	 	 	 	 	 	 	 	 	 	 	 	 	 
84	 	 	 	 	 	 	 	 	r40	 	 	 	 	r40	 	 	 	r40	r40	 	 	 	 	 	 	 	r40	r40	s114	s115	s116	s117	s118	s119	 	 	 	 	 	 	 	 	 	 	 	 	 	 	 	 	 	 	 	 	 	 	 	 	 	 	 	 	 	 	 	 	 	 	 	 	 	 	 	 	 	 	 	 	 
85	 	 	 	 	 	 	 	 	r47	 	 	 	 	r47	 	 	 	r47	r47	 	 	 	 	 	 	 	r47	r47	r47	r47	r47	r47	r47	r47	s120	s121	 	 	 	 	 	 	 	 	 	 	 	 	 	 	 	 	 	 	 	 	 	 	 	 	 	 	 	 	 	 	 	 	 	 	 	 	 	 	 	 	 	 	 
86	 	 	 	 	 	 	 	 	r50	 	 	 	 	r50	 	 	 	r50	r50	 	 	 	 	 	 	 	r50	r50	r50	r50	r50	r50	r50	r50	r50	r50	s122	s123	 	 	 	 	 	 	 	 	 	 	 	 	 	 	 	 	 	 	 	 	 	 	 	 	 	 	 	 	 	 	 	 	 	 	 	 	 	 	 	 	 
87	 	 	 	 	 	 	 	 	r53	 	 	 	 	r53	 	 	 	r53	r53	 	 	 	 	 	 	 	r53	r53	r53	r53	r53	r53	r53	r53	r53	r53	r53	r53	 	 	 	 	 	 	 	 	 	 	 	 	 	 	 	 	 	 	 	 	 	 	 	 	 	 	 	 	 	 	 	 	 	 	 	 	 	 	 	 	 
88	 	 	 	 	 	 	 	s79	r54	 	 	 	 	r54	 	 	 	r54	r54	 	 	 	 	 	 	 	r54	r54	r54	r54	r54	r54	r54	r54	r54	r54	r54	r54	s124	s125	 	s78	 	 	 	 	 	 	 	 	 	 	 	 	 	 	 	 	 	 	 	 	 	 	 	 	 	 	 	 	 	 	 	 	 	 	 	 	 
89	 	 	 	 	 	 	 	 	 	 	 	 	 	 	 	 	 	 	 	 	 	 	 	 	 	 	 	 	 	 	 	 	 	 	 	 	 	 	 	 	 	 	s10	 	 	 	 	 	 	 	 	 	 	 	 	 	 	 	 	 	 	 	 	 	 	 	 	 	 	 	 	 	126	68	 	 	 	 	 
90	 	 	 	 	 	 	 	 	 	 	 	 	 	 	 	 	 	 	 	 	 	 	 	 	 	 	 	 	 	 	 	 	 	 	 	 	 	 	 	 	 	 	s10	 	 	 	 	 	 	 	 	 	 	 	 	 	 	 	 	 	 	 	 	 	 	 	 	 	 	 	 	 	127	68	 	 	 	 	 
91	 	 	 	 	 	 	 	 	 	 	 	 	 	 	 	 	s91	 	 	 	 	 	 	 	 	 	 	 	 	 	 	 	 	 	 	s93	 	 	s89	s90	s94	 	s10	s100	s101	s102	s103	s33	 	 	 	 	 	 	 	 	 	 	 	 	 	 	 	 	 	 	128	84	85	86	87	 	88	92	95	96	97	98	99
92	 	 	 	 	 	r72	 	r72	r72	 	 	 	 	r72	 	 	s129	r72	r72	 	 	 	 	 	 	 	r72	r72	r72	r72	r72	r72	r72	r72	r72	r72	r72	r72	r72	r72	 	r72	 	 	 	 	 	 	 	 	 	 	 	 	 	 	 	 	 	 	 	 	 	 	 	 	 	 	 	 	 	 	 	 	 	 	 	 	 
93	 	 	 	 	 	 	 	 	 	 	 	 	 	 	 	 	s91	 	 	 	 	 	 	 	 	 	 	 	 	 	 	 	 	 	 	s93	 	 	s89	s90	s94	 	s10	s100	s101	s102	s103	s33	 	 	 	 	 	 	 	 	 	 	 	 	 	 	 	 	 	 	 	 	 	 	130	 	88	92	95	96	97	98	99
94	 	 	 	 	 	 	 	 	 	 	 	 	 	 	 	 	s91	 	 	 	 	 	 	 	 	 	 	 	 	 	 	 	 	 	 	s93	 	 	s89	s90	s94	 	s10	s100	s101	s102	s103	s33	 	 	 	 	 	 	 	 	 	 	 	 	 	 	 	 	 	 	 	 	 	 	131	 	88	92	95	96	97	98	99
95	 	 	 	 	 	 	 	 	r63	 	 	 	 	r63	 	 	 	r63	r63	 	 	 	 	 	 	 	r63	r63	r63	r63	r63	r63	r63	r63	r63	r63	r63	r63	 	 	 	 	 	 	 	 	 	 	 	 	 	 	 	 	 	 	 	 	 	 	 	 	 	 	 	 	 	 	 	 	 	 	 	 	 	 	 	 	 
96	 	 	 	 	 	 	 	 	r64	 	 	 	 	r64	 	 	 	r64	r64	 	 	 	 	 	 	 	r64	r64	r64	r64	r64	r64	r64	r64	r64	r64	r64	r64	 	 	 	 	 	 	 	 	 	 	 	 	 	 	 	 	 	 	 	 	 	 	 	 	 	 	 	 	 	 	 	 	 	 	 	 	 	 	 	 	 
97	 	 	 	 	 	 	 	 	r65	 	 	 	 	r65	 	 	 	r65	r65	 	 	 	 	 	 	 	r65	r65	r65	r65	r65	r65	r65	r65	r65	r65	r65	r65	 	 	 	 	 	 	 	 	 	 	 	 	 	 	 	 	 	 	 	 	 	 	 	 	 	 	 	 	 	 	 	 	 	 	 	 	 	 	 	 	 
98	 	 	 	 	 	 	 	 	r66	 	 	 	 	r66	 	 	 	r66	r66	 	 	 	 	 	 	 	r66	r66	r66	r66	r66	r66	r66	r66	r66	r66	r66	r66	 	 	 	 	 	 	 	 	 	 	 	 	 	 	 	 	 	 	 	 	 	 	 	 	 	 	 	 	 	 	 	 	 	 	 	 	 	 	 	 	 
99	 	 	 	 	 	 	 	 	r67	 	 	 	 	r67	 	 	 	r67	r67	 	 	 	 	 	 	 	r67	r67	r67	r67	r67	r67	r67	r67	r67	r67	r67	r67	 	 	 	 	 	 	 	 	 	 	 	 	 	 	 	 	 	 	 	 	 	 	 	 	 	 	 	 	 	 	 	 	 	 	 	 	 	 	 	 	 
100	 	 	 	 	 	 	 	 	r74	 	 	 	 	r74	 	 	 	r74	r74	 	 	 	 	 	 	 	r74	r74	r74	r74	r74	r74	r74	r74	r74	r74	r74	r74	 	 	 	 	 	 	 	 	 	 	 	 	 	 	 	 	 	 	 	 	 	 	 	 	 	 	 	 	 	 	 	 	 	 	 	 	 	 	 	 	 
101	 	 	 	 	 	 	 	 	r75	 	 	 	 	r75	 	 	 	r75	r75	 	 	 	 	 	 	 	r75	r75	r75	r75	r75	r75	r75	r75	r75	r75	r75	r75	 	 	 	 	 	 	 	 	 	 	 	 	 	 	 	 	 	 	 	 	 	 	 	 	 	 	 	 	 	 	 	 	 	 	 	 	 	 	 	 	 
102	 	 	 	 	 	 	 	 	r76	 	 	 	 	r76	 	 	 	r76	r76	 	 	 	 	 	 	 	r76	r76	r76	r76	r76	r76	r76	r76	r76	r76	r76	r76	 	 	 	 	 	 	 	 	 	 	 	 	 	 	 	 	 	 	 	 	 	 	 	 	 	 	 	 	 	 	 	 	 	 	 	 	 	 	 	 	 
103	 	 	 	 	 	 	 	 	r77	 	 	 	 	r77	 	 	 	r77	r77	 	 	 	 	 	 	 	r77	r77	r77	r77	r77	r77	r77	r77	r77	r77	r77	r77	 	 	 	 	 	 	 	 	 	 	 	 	 	 	 	 	 	 	 	 	 	 	 	 	 	 	 	 	 	 	 	 	 	 	 	 	 	 	 	 	 
104	 	 	 	 	 	 	 	 	 	 	 	 	 	 	 	 	 	s132	 	 	 	 	 	 	 	 	s112	s113	 	 	 	 	 	 	 	 	 	 	 	 	 	 	 	 	 	 	 	 	 	 	 	 	 	 	 	 	 	 	 	 	 	 	 	 	 	 	 	 	 	 	 	 	 	 	 	 	 	 	 
105	 	 	 	 	 	 	 	 	 	 	 	 	 	 	 	 	s133	 	 	 	 	 	 	 	 	 	 	 	 	 	 	 	 	 	 	 	 	 	 	 	 	 	 	 	 	 	 	 	 	 	 	 	 	 	 	 	 	 	 	 	 	 	 	 	 	 	 	 	 	 	 	 	 	 	 	 	 	 	 
106	 	 	 	 	 	 	 	 	 	 	 	 	 	 	 	 	s91	 	 	 	 	 	 	 	 	 	 	 	 	 	 	 	 	 	 	s93	 	 	s89	s90	s94	 	s10	s100	s101	s102	s103	s33	 	 	 	 	 	 	 	 	 	 	 	 	 	 	 	 	 	 	134	84	85	86	87	 	88	92	95	96	97	98	99
107	 	 	 	 	 	 	 	 	 	 	 	 	 	s135	 	 	 	 	 	 	 	 	 	 	 	 	s112	s113	 	 	 	 	 	 	 	 	 	 	 	 	 	 	 	 	 	 	 	 	 	 	 	 	 	 	 	 	 	 	 	 	 	 	 	 	 	 	 	 	 	 	 	 	 	 	 	 	 	 	 
108	 	 	 	 	 	r70	 	r70	r70	 	 	 	 	r70	 	 	 	r70	r70	 	 	 	 	 	 	 	r70	r70	r70	r70	r70	r70	r70	r70	r70	r70	r70	r70	r70	r70	 	r70	 	 	 	 	 	 	 	 	 	 	 	 	 	 	 	 	 	 	 	 	 	 	 	 	 	 	 	 	 	 	 	 	 	 	 	 	 
109	 	 	 	 	 	 	 	 	s136	 	 	 	 	 	 	 	 	 	 	 	 	 	 	 	 	 	s112	s113	 	 	 	 	 	 	 	 	 	 	 	 	 	 	 	 	 	 	 	 	 	 	 	 	 	 	 	 	 	 	 	 	 	 	 	 	 	 	 	 	 	 	 	 	 	 	 	 	 	 	 
110	 	 	 	 	 	 	 	 	 	 	 	 	 	s137	 	 	 	 	 	 	 	 	 	 	 	 	 	 	 	 	 	 	 	 	 	 	 	 	 	 	 	 	 	 	 	 	 	 	 	 	 	 	 	 	 	 	 	 	 	 	 	 	 	 	 	 	 	 	 	 	 	 	 	 	 	 	 	 	 
111	 	 	 	 	 	 	 	 	 	 	 	s45	 	 	 	 	 	 	 	 	s61	 	s62	s63	s66	s67	 	 	 	 	 	 	 	 	 	 	 	 	 	 	 	 	s10	 	 	 	 	 	 	 	 	 	 	 	 	 	 	 	64	 	 	 	 	139	60	138	 	 	 	 	 	 	65	68	 	 	 	 	 
112	 	 	 	 	 	 	 	 	 	 	 	 	 	 	 	 	s91	 	 	 	 	 	 	 	 	 	 	 	 	 	 	 	 	 	 	s93	 	 	s89	s90	s94	 	s10	s100	s101	s102	s103	s33	 	 	 	 	 	 	 	 	 	 	 	 	 	 	 	 	 	 	 	140	85	86	87	 	88	92	95	96	97	98	99
113	 	 	 	 	 	 	 	 	 	 	 	 	 	 	 	 	s91	 	 	 	 	 	 	 	 	 	 	 	 	 	 	 	 	 	 	s93	 	 	s89	s90	s94	 	s10	s100	s101	s102	s103	s33	 	 	 	 	 	 	 	 	 	 	 	 	 	 	 	 	 	 	 	141	85	86	87	 	88	92	95	96	97	98	99
114	 	 	 	 	 	 	 	 	 	 	 	 	 	 	 	 	s91	 	 	 	 	 	 	 	 	 	 	 	 	 	 	 	 	 	 	s93	 	 	s89	s90	s94	 	s10	s100	s101	s102	s103	s33	 	 	 	 	 	 	 	 	 	 	 	 	 	 	 	 	 	 	 	 	142	86	87	 	88	92	95	96	97	98	99
115	 	 	 	 	 	 	 	 	 	 	 	 	 	 	 	 	s91	 	 	 	 	 	 	 	 	 	 	 	 	 	 	 	 	 	 	s93	 	 	s89	s90	s94	 	s10	s100	s101	s102	s103	s33	 	 	 	 	 	 	 	 	 	 	 	 	 	 	 	 	 	 	 	 	143	86	87	 	88	92	95	96	97	98	99
116	 	 	 	 	 	 	 	 	 	 	 	 	 	 	 	 	s91	 	 	 	 	 	 	 	 	 	 	 	 	 	 	 	 	 	 	s93	 	 	s89	s90	s94	 	s10	s100	s101	s102	s103	s33	 	 	 	 	 	 	 	 	 	 	 	 	 	 	 	 	 	 	 	 	144	86	87	 	88	92	95	96	97	98	99
117	 	 	 	 	 	 	 	 	 	 	 	 	 	 	 	 	s91	 	 	 	 	 	 	 	 	 	 	 	 	 	 	 	 	 	 	s93	 	 	s89	s90	s94	 	s10	s100	s101	s102	s103	s33	 	 	 	 	 	 	 	 	 	 	 	 	 	 	 	 	 	 	 	 	145	86	87	 	88	92	95	96	97	98	99
118	 	 	 	 	 	 	 	 	 	 	 	 	 	 	 	 	s91	 	 	 	 	 	 	 	 	 	 	 	 	 	 	 	 	 	 	s93	 	 	s89	s90	s94	 	s10	s100	s101	s102	s103	s33	 	 	 	 	 	 	 	 	 	 	 	 	 	 	 	 	 	 	 	 	146	86	87	 	88	92	95	96	97	98	99
119	 	 	 	 	 	 	 	 	 	 	 	 	 	 	 	 	s91	 	 	 	 	 	 	 	 	 	 	 	 	 	 	 	 	 	 	s93	 	 	s89	s90	s94	 	s10	s100	s101	s102	s103	s33	 	 	 	 	 	 	 	 	 	 	 	 	 	 	 	 	 	 	 	 	147	86	87	 	88	92	95	96	97	98	99
120	 	 	 	 	 	 	 	 	 	 	 	 	 	 	 	 	s91	 	 	 	 	 	 	 	 	 	 	 	 	 	 	 	 	 	 	s93	 	 	s89	s90	s94	 	s10	s100	s101	s102	s103	s33	 	 	 	 	 	 	 	 	 	 	 	 	 	 	 	 	 	 	 	 	 	148	87	 	88	92	95	96	97	98	99
121	 	 	 	 	 	 	 	 	 	 	 	 	 	 	 	 	s91	 	 	 	 	 	 	 	 	 	 	 	 	 	 	 	 	 	 	s93	 	 	s89	s90	s94	 	s10	s100	s101	s102	s103	s33	 	 	 	 	 	 	 	 	 	 	 	 	 	 	 	 	 	 	 	 	 	149	87	 	88	92	95	96	97	98	99
122	 	 	 	 	 	 	 	 	 	 	 	 	 	 	 	 	s91	 	 	 	 	 	 	 	 	 	 	 	 	 	 	 	 	 	 	s93	 	 	s89	s90	s94	 	s10	s100	s101	s102	s103	s33	 	 	 	 	 	 	 	 	 	 	 	 	 	 	 	 	 	 	 	 	 	 	150	 	88	92	95	96	97	98	99
123	 	 	 	 	 	 	 	 	 	 	 	 	 	 	 	 	s91	 	 	 	 	 	 	 	 	 	 	 	 	 	 	 	 	 	 	s93	 	 	s89	s90	s94	 	s10	s100	s101	s102	s103	s33	 	 	 	 	 	 	 	 	 	 	 	 	 	 	 	 	 	 	 	 	 	 	151	 	88	92	95	96	97	98	99
124	 	 	 	 	 	 	 	 	r57	 	 	 	 	r57	 	 	 	r57	r57	 	 	 	 	 	 	 	r57	r57	r57	r57	r57	r57	r57	r57	r57	r57	r57	r57	 	 	 	 	 	 	 	 	 	 	 	 	 	 	 	 	 	 	 	 	 	 	 	 	 	 	 	 	 	 	 	 	 	 	 	 	 	 	 	 	 
125	 	 	 	 	 	 	 	 	r58	 	 	 	 	r58	 	 	 	r58	r58	 	 	 	 	 	 	 	r58	r58	r58	r58	r58	r58	r58	r58	r58	r58	r58	r58	 	 	 	 	 	 	 	 	 	 	 	 	 	 	 	 	 	 	 	 	 	 	 	 	 	 	 	 	 	 	 	 	 	 	 	 	 	 	 	 	 
126	 	 	 	 	 	 	 	s79	r55	 	 	 	 	r55	 	 	 	r55	r55	 	 	 	 	 	 	 	r55	r55	r55	r55	r55	r55	r55	r55	r55	r55	r55	r55	 	 	 	s78	 	 	 	 	 	 	 	 	 	 	 	 	 	 	 	 	 	 	 	 	 	 	 	 	 	 	 	 	 	 	 	 	 	 	 	 	 
127	 	 	 	 	 	 	 	s79	r56	 	 	 	 	r56	 	 	 	r56	r56	 	 	 	 	 	 	 	r56	r56	r56	r56	r56	r56	r56	r56	r56	r56	r56	r56	 	 	 	s78	 	 	 	 	 	 	 	 	 	 	 	 	 	 	 	 	 	 	 	 	 	 	 	 	 	 	 	 	 	 	 	 	 	 	 	 	 
128	 	 	 	 	 	 	 	 	 	 	 	 	 	 	 	 	 	s152	 	 	 	 	 	 	 	 	s112	s113	 	 	 	 	 	 	 	 	 	 	 	 	 	 	 	 	 	 	 	 	 	 	 	 	 	 	 	 	 	 	 	 	 	 	 	 	 	 	 	 	 	 	 	 	 	 	 	 	 	 	 
129	 	 	 	 	 	 	 	 	 	 	 	 	 	 	 	 	s91	 	 	 	 	 	 	 	 	 	 	 	 	 	 	 	 	 	 	s93	 	 	s89	s90	s94	 	s10	s100	s101	s102	s103	s33	 	 	 	 	 	 	 	 	 	 	 	 	 	 	 	 	 	 	154	84	85	86	87	153	88	92	95	96	97	98	99
130	 	 	 	 	 	 	 	 	r61	 	 	 	 	r61	 	 	 	r61	r61	 	 	 	 	 	 	 	r61	r61	r61	r61	r61	r61	r61	r61	r61	r61	r61	r61	 	 	 	 	 	 	 	 	 	 	 	 	 	 	 	 	 	 	 	 	 	 	 	 	 	 	 	 	 	 	 	 	 	 	 	 	 	 	 	 	 
131	 	 	 	 	 	 	 	 	r62	 	 	 	 	r62	 	 	 	r62	r62	 	 	 	 	 	 	 	r62	r62	r62	r62	r62	r62	r62	r62	r62	r62	r62	r62	 	 	 	 	 	 	 	 	 	 	 	 	 	 	 	 	 	 	 	 	 	 	 	 	 	 	 	 	 	 	 	 	 	 	 	 	 	 	 	 	 
132	 	 	 	 	 	 	 	 	 	 	 	s45	 	 	 	 	 	 	 	 	s76	 	s62	s63	s66	s67	 	 	 	 	 	 	 	 	 	 	 	 	 	 	 	 	s10	 	 	 	 	 	 	 	 	 	 	 	 	 	 	 	64	 	 	 	 	 	 	155	 	 	 	 	 	 	65	68	 	 	 	 	 
133	 	 	 	 	 	 	 	 	 	 	 	 	 	 	 	 	s91	 	 	 	 	 	 	 	 	 	 	 	 	 	 	 	 	 	 	s93	 	 	s89	s90	s94	 	s10	s100	s101	s102	s103	s33	 	 	 	 	 	 	 	 	 	 	 	 	 	 	 	 	 	 	156	84	85	86	87	 	88	92	95	96	97	98	99
134	 	 	 	 	 	 	 	 	 	 	 	 	 	 	 	 	 	s157	 	 	 	 	 	 	 	 	s112	s113	 	 	 	 	 	 	 	 	 	 	 	 	 	 	 	 	 	 	 	 	 	 	 	 	 	 	 	 	 	 	 	 	 	 	 	 	 	 	 	 	 	 	 	 	 	 	 	 	 	 	 
135	 	 	 	 	 	 	 	 	 	 	 	r35	r35	 	 	 	 	 	 	 	r35	r35	r35	r35	r35	r35	 	 	 	 	 	 	 	 	 	 	 	 	 	 	 	 	r35	 	 	 	 	 	 	 	 	 	 	 	 	 	 	 	 	 	 	 	 	 	 	 	 	 	 	 	 	 	 	 	 	 	 	 	 
136	 	 	 	 	 	r71	 	r71	r71	 	 	 	 	r71	 	 	 	r71	r71	 	 	 	 	 	 	 	r71	r71	r71	r71	r71	r71	r71	r71	r71	r71	r71	r71	r71	r71	 	r71	 	 	 	 	 	 	 	 	 	 	 	 	 	 	 	 	 	 	 	 	 	 	 	 	 	 	 	 	 	 	 	 	 	 	 	 	 
137	 	 	 	 	 	 	 	 	 	 	 	r24	 	 	 	 	 	 	 	r24	r24	 	r24	r24	r24	r24	 	 	 	 	 	 	 	 	 	 	 	 	 	 	 	 	r24	 	 	 	 	 	 	 	 	 	 	 	 	 	 	 	 	 	 	 	 	 	 	 	 	 	 	 	 	 	 	 	 	 	 	 	 
138	 	 	 	 	 	 	 	 	 	 	 	r27	r27	 	 	 	 	 	 	 	r27	s158	r27	r27	r27	r27	 	 	 	 	 	 	 	 	 	 	 	 	 	 	 	 	r27	 	 	 	 	 	 	 	 	 	 	 	 	 	 	 	 	 	 	 	 	 	 	 	 	 	 	 	 	 	 	 	 	 	 	 	 
139	 	 	 	 	 	 	 	 	 	 	 	r29	r29	 	 	 	 	 	 	 	r29	 	r29	r29	r29	r29	 	 	 	 	 	 	 	 	 	 	 	 	 	 	 	 	r29	 	 	 	 	 	 	 	 	 	 	 	 	 	 	 	 	 	 	 	 	 	 	 	 	 	 	 	 	 	 	 	 	 	 	 	 
140	 	 	 	 	 	 	 	 	r38	 	 	 	 	r38	 	 	 	r38	r38	 	 	 	 	 	 	 	r38	r38	s114	s115	s116	s117	s118	s119	 	 	 	 	 	 	 	 	 	 	 	 	 	 	 	 	 	 	 	 	 	 	 	 	 	 	 	 	 	 	 	 	 	 	 	 	 	 	 	 	 	 	 	 	 
141	 	 	 	 	 	 	 	 	r39	 	 	 	 	r39	 	 	 	r39	r39	 	 	 	 	 	 	 	r39	r39	s114	s115	s116	s117	s118	s119	 	 	 	 	 	 	 	 	 	 	 	 	 	 	 	 	 	 	 	 	 	 	 	 	 	 	 	 	 	 	 	 	 	 	 	 	 	 	 	 	 	 	 	 	 
142	 	 	 	 	 	 	 	 	r41	 	 	 	 	r41	 	 	 	r41	r41	 	 	 	 	 	 	 	r41	r41	r41	r41	r41	r41	r41	r41	s120	s121	 	 	 	 	 	 	 	 	 	 	 	 	 	 	 	 	 	 	 	 	 	 	 	 	 	 	 	 	 	 	 	 	 	 	 	 	 	 	 	 	 	 	 
143	 	 	 	 	 	 	 	 	r42	 	 	 	 	r42	 	 	 	r42	r42	 	 	 	 	 	 	 	r42	r42	r42	r42	r42	r42	r42	r42	s120	s121	 	 	 	 	 	 	 	 	 	 	 	 	 	 	 	 	 	 	 	 	 	 	 	 	 	 	 	 	 	 	 	 	 	 	 	 	 	 	 	 	 	 	 
144	 	 	 	 	 	 	 	 	r43	 	 	 	 	r43	 	 	 	r43	r43	 	 	 	 	 	 	 	r43	r43	r43	r43	r43	r43	r43	r43	s120	s121	 	 	 	 	 	 	 	 	 	 	 	 	 	 	 	 	 	 	 	 	 	 	 	 	 	 	 	 	 	 	 	 	 	 	 	 	 	 	 	 	 	 	 
145	 	 	 	 	 	 	 	 	r44	 	 	 	 	r44	 	 	 	r44	r44	 	 	 	 	 	 	 	r44	r44	r44	r44	r44	r44	r44	r44	s120	s121	 	 	 	 	 	 	 	 	 	 	 	 	 	 	 	 	 	 	 	 	 	 	 	 	 	 	 	 	 	 	 	 	 	 	 	 	 	 	 	 	 	 	 
146	 	 	 	 	 	 	 	 	r45	 	 	 	 	r45	 	 	 	r45	r45	 	 	 	 	 	 	 	r45	r45	r45	r45	r45	r45	r45	r45	s120	s121	 	 	 	 	 	 	 	 	 	 	 	 	 	 	 	 	 	 	 	 	 	 	 	 	 	 	 	 	 	 	 	 	 	 	 	 	 	 	 	 	 	 	 
147	 	 	 	 	 	 	 	 	r46	 	 	 	 	r46	 	 	 	r46	r46	 	 	 	 	 	 	 	r46	r46	r46	r46	r46	r46	r46	r46	s120	s121	 	 	 	 	 	 	 	 	 	 	 	 	 	 	 	 	 	 	 	 	 	 	 	 	 	 	 	 	 	 	 	 	 	 	 	 	 	 	 	 	 	 	 
148	 	 	 	 	 	 	 	 	r48	 	 	 	 	r48	 	 	 	r48	r48	 	 	 	 	 	 	 	r48	r48	r48	r48	r48	r48	r48	r48	r48	r48	s122	s123	 	 	 	 	 	 	 	 	 	 	 	 	 	 	 	 	 	 	 	 	 	 	 	 	 	 	 	 	 	 	 	 	 	 	 	 	 	 	 	 	 
149	 	 	 	 	 	 	 	 	r49	 	 	 	 	r49	 	 	 	r49	r49	 	 	 	 	 	 	 	r49	r49	r49	r49	r49	r49	r49	r49	r49	r49	s122	s123	 	 	 	 	 	 	 	 	 	 	 	 	 	 	 	 	 	 	 	 	 	 	 	 	 	 	 	 	 	 	 	 	 	 	 	 	 	 	 	 	 
150	 	 	 	 	 	 	 	 	r51	 	 	 	 	r51	 	 	 	r51	r51	 	 	 	 	 	 	 	r51	r51	r51	r51	r51	r51	r51	r51	r51	r51	r51	r51	 	 	 	 	 	 	 	 	 	 	 	 	 	 	 	 	 	 	 	 	 	 	 	 	 	 	 	 	 	 	 	 	 	 	 	 	 	 	 	 	 
151	 	 	 	 	 	 	 	 	r52	 	 	 	 	r52	 	 	 	r52	r52	 	 	 	 	 	 	 	r52	r52	r52	r52	r52	r52	r52	r52	r52	r52	r52	r52	 	 	 	 	 	 	 	 	 	 	 	 	 	 	 	 	 	 	 	 	 	 	 	 	 	 	 	 	 	 	 	 	 	 	 	 	 	 	 	 	 
152	 	 	 	 	 	 	 	 	r59	 	 	 	 	r59	 	 	 	r59	r59	 	 	 	 	 	 	 	r59	r59	r59	r59	r59	r59	r59	r59	r59	r59	r59	r59	 	 	 	 	 	 	 	 	 	 	 	 	 	 	 	 	 	 	 	 	 	 	 	 	 	 	 	 	 	 	 	 	 	 	 	 	 	 	 	 	 
153	 	 	 	 	 	 	 	 	 	 	 	 	 	 	 	 	 	s159	s160	 	 	 	 	 	 	 	 	 	 	 	 	 	 	 	 	 	 	 	 	 	 	 	 	 	 	 	 	 	 	 	 	 	 	 	 	 	 	 	 	 	 	 	 	 	 	 	 	 	 	 	 	 	 	 	 	 	 	 	 
154	 	 	 	 	 	 	 	 	 	 	 	 	 	 	 	 	 	r69	r69	 	 	 	 	 	 	 	s112	s113	 	 	 	 	 	 	 	 	 	 	 	 	 	 	 	 	 	 	 	 	 	 	 	 	 	 	 	 	 	 	 	 	 	 	 	 	 	 	 	 	 	 	 	 	 	 	 	 	 	 	 
155	 	 	 	 	 	 	 	 	 	 	 	r32	r32	 	 	 	 	 	 	 	r32	r32	r32	r32	r32	r32	 	 	 	 	 	 	 	 	 	 	 	 	 	 	 	 	r32	 	 	 	 	 	 	 	 	 	 	 	 	 	 	 	 	 	 	 	 	 	 	 	 	 	 	 	 	 	 	 	 	 	 	 	 
156	 	 	 	 	 	 	 	 	 	 	 	 	 	 	 	 	 	s161	 	 	 	 	 	 	 	 	s112	s113	 	 	 	 	 	 	 	 	 	 	 	 	 	 	 	 	 	 	 	 	 	 	 	 	 	 	 	 	 	 	 	 	 	 	 	 	 	 	 	 	 	 	 	 	 	 	 	 	 	 	 
157	 	 	 	 	 	 	 	 	 	 	 	s45	 	 	 	 	 	 	 	 	s76	 	s62	s63	s66	s67	 	 	 	 	 	 	 	 	 	 	 	 	 	 	 	 	s10	 	 	 	 	 	 	 	 	 	 	 	 	 	 	 	64	 	 	 	 	 	 	162	 	 	 	 	 	 	65	68	 	 	 	 	 
158	 	 	 	 	 	 	 	 	 	 	 	s45	 	 	 	 	 	 	 	 	s61	 	s62	s63	s66	s67	 	 	 	 	 	 	 	 	 	 	 	 	 	 	 	 	s10	 	 	 	 	 	 	 	 	 	 	 	 	 	 	 	64	 	 	 	 	 	164	163	 	 	 	 	 	 	65	68	 	 	 	 	 
159	 	 	 	 	 	 	 	 	r60	 	 	 	 	r60	 	 	 	r60	r60	 	 	 	 	 	 	 	r60	r60	r60	r60	r60	r60	r60	r60	r60	r60	r60	r60	 	 	 	 	 	 	 	 	 	 	 	 	 	 	 	 	 	 	 	 	 	 	 	 	 	 	 	 	 	 	 	 	 	 	 	 	 	 	 	 	 
160	 	 	 	 	 	 	 	 	 	 	 	 	 	 	 	 	s91	 	 	 	 	 	 	 	 	 	 	 	 	 	 	 	 	 	 	s93	 	 	s89	s90	s94	 	s10	s100	s101	s102	s103	s33	 	 	 	 	 	 	 	 	 	 	 	 	 	 	 	 	 	 	165	84	85	86	87	 	88	92	95	96	97	98	99
161	 	 	 	 	 	 	 	 	 	 	 	 	 	s166	 	 	 	 	 	 	 	 	 	 	 	 	 	 	 	 	 	 	 	 	 	 	 	 	 	 	 	 	 	 	 	 	 	 	 	 	 	 	 	 	 	 	 	 	 	 	 	 	 	 	 	 	 	 	 	 	 	 	 	 	 	 	 	 	 
162	 	 	 	 	 	 	 	 	 	 	 	 	 	 	 	 	 	 	 	 	 	s167	 	 	 	 	 	 	 	 	 	 	 	 	 	 	 	 	 	 	 	 	 	 	 	 	 	 	 	 	 	 	 	 	 	 	 	 	 	 	 	 	 	 	 	 	 	 	 	 	 	 	 	 	 	 	 	 	 
163	 	 	 	 	 	 	 	 	 	 	 	r31	r31	 	 	 	 	 	 	 	r31	r31	r31	r31	r31	r31	 	 	 	 	 	 	 	 	 	 	 	 	 	 	 	 	r31	 	 	 	 	 	 	 	 	 	 	 	 	 	 	 	 	 	 	 	 	 	 	 	 	 	 	 	 	 	 	 	 	 	 	 	 
164	 	 	 	 	 	 	 	 	 	 	 	r30	r30	 	 	 	 	 	 	 	r30	 	r30	r30	r30	r30	 	 	 	 	 	 	 	 	 	 	 	 	 	 	 	 	r30	 	 	 	 	 	 	 	 	 	 	 	 	 	 	 	 	 	 	 	 	 	 	 	 	 	 	 	 	 	 	 	 	 	 	 	 
165	 	 	 	 	 	 	 	 	 	 	 	 	 	 	 	 	 	r68	r68	 	 	 	 	 	 	 	s112	s113	 	 	 	 	 	 	 	 	 	 	 	 	 	 	 	 	 	 	 	 	 	 	 	 	 	 	 	 	 	 	 	 	 	 	 	 	 	 	 	 	 	 	 	 	 	 	 	 	 	 	 
166	 	 	 	 	 	 	 	 	 	 	 	r33	r33	 	 	 	 	 	 	 	r33	r33	r33	r33	r33	r33	 	 	 	 	 	 	 	 	 	 	 	 	 	 	 	 	r33	 	 	 	 	 	 	 	 	 	 	 	 	 	 	 	 	 	 	 	 	 	 	 	 	 	 	 	 	 	 	 	 	 	 	 	 
167	 	 	 	 	 	 	 	 	 	 	 	s45	 	 	 	 	 	 	 	 	s76	 	s62	s63	s66	s67	 	 	 	 	 	 	 	 	 	 	 	 	 	 	 	 	s10	 	 	 	 	 	 	 	 	 	 	 	 	 	 	 	64	 	 	 	 	 	 	163	 	 	 	 	 	 	65	68	 	 	 	 	 
